user1@example.com,password123
user2@example.com,password123
user3@example.com,password123
user4@example.com,password123
user5@example.com,password123
user6@example.com,password123
user7@example.com,password123
user8@example.com,password123
user9@example.com,password123
user10@example.com,password123
user11@example.com,password123
user12@example.com,password123
user13@example.com,password123
user14@example.com,password123
user15@example.com,password123
user16@example.com,password123
user17@example.com,password123
user18@example.com,password123
user19@example.com,password123
user20@example.com,password123
user21@example.com,password123
user22@example.com,password123
user23@example.com,password123
user24@example.com,password123
user25@example.com,password123
user26@example.com,password123
user27@example.com,password123
user28@example.com,password123
user29@example.com,password123
user30@example.com,password123
user31@example.com,password123
user32@example.com,password123
user33@example.com,password123
user34@example.com,password123
user35@example.com,password123
user36@example.com,password123
user37@example.com,password123
user38@example.com,password123
user39@example.com,password123
user40@example.com,password123
user41@example.com,password123
user42@example.com,password123
user43@example.com,password123
user44@example.com,password123
user45@example.com,password123
user46@example.com,password123
user47@example.com,password123
user48@example.com,password123
user49@example.com,password123
user50@example.com,password123
user51@example.com,password123
user52@example.com,password123
user53@example.com,password123
user54@example.com,password123
user55@example.com,password123
user56@example.com,password123
user57@example.com,password123
user58@example.com,password123
user59@example.com,password123
user60@example.com,password123
user61@example.com,password123
user62@example.com,password123
user63@example.com,password123
user64@example.com,password123
user65@example.com,password123
user66@example.com,password123
user67@example.com,password123
user68@example.com,password123
user69@example.com,password123
user70@example.com,password123
user71@example.com,password123
user72@example.com,password123
user73@example.com,password123
user74@example.com,password123
user75@example.com,password123
user76@example.com,password123
user77@example.com,password123
user78@example.com,password123
user79@example.com,password123
user80@example.com,password123
user81@example.com,password123
user82@example.com,password123
user83@example.com,password123
user84@example.com,password123
user85@example.com,password123
user86@example.com,password123
user87@example.com,password123
user88@example.com,password123
user89@example.com,password123
user90@example.com,password123
user91@example.com,password123
user92@example.com,password123
user93@example.com,password123
user94@example.com,password123
user95@example.com,password123
user96@example.com,password123
user97@example.com,password123
user98@example.com,password123
user99@example.com,password123
user100@example.com,password123
user101@example.com,password123
user102@example.com,password123
user103@example.com,password123
user104@example.com,password123
user105@example.com,password123
user106@example.com,password123
user107@example.com,password123
user108@example.com,password123
user109@example.com,password123
user110@example.com,password123
user111@example.com,password123
user112@example.com,password123
user113@example.com,password123
user114@example.com,password123
user115@example.com,password123
user116@example.com,password123
user117@example.com,password123
user118@example.com,password123
user119@example.com,password123
user120@example.com,password123
user121@example.com,password123
user122@example.com,password123
user123@example.com,password123
user124@example.com,password123
user125@example.com,password123
user126@example.com,password123
user127@example.com,password123
user128@example.com,password123
user129@example.com,password123
user130@example.com,password123
user131@example.com,password123
user132@example.com,password123
user133@example.com,password123
user134@example.com,password123
user135@example.com,password123
user136@example.com,password123
user137@example.com,password123
user138@example.com,password123
user139@example.com,password123
user140@example.com,password123
user141@example.com,password123
user142@example.com,password123
user143@example.com,password123
user144@example.com,password123
user145@example.com,password123
user146@example.com,password123
user147@example.com,password123
user148@example.com,password123
user149@example.com,password123
user150@example.com,password123
user151@example.com,password123
user152@example.com,password123
user153@example.com,password123
user154@example.com,password123
user155@example.com,password123
user156@example.com,password123
user157@example.com,password123
user158@example.com,password123
user159@example.com,password123
user160@example.com,password123
user161@example.com,password123
user162@example.com,password123
user163@example.com,password123
user164@example.com,password123
user165@example.com,password123
user166@example.com,password123
user167@example.com,password123
user168@example.com,password123
user169@example.com,password123
user170@example.com,password123
user171@example.com,password123
user172@example.com,password123
user173@example.com,password123
user174@example.com,password123
user175@example.com,password123
user176@example.com,password123
user177@example.com,password123
user178@example.com,password123
user179@example.com,password123
user180@example.com,password123
user181@example.com,password123
user182@example.com,password123
user183@example.com,password123
user184@example.com,password123
user185@example.com,password123
user186@example.com,password123
user187@example.com,password123
user188@example.com,password123
user189@example.com,password123
user190@example.com,password123
user191@example.com,password123
user192@example.com,password123
user193@example.com,password123
user194@example.com,password123
user195@example.com,password123
user196@example.com,password123
user197@example.com,password123
user198@example.com,password123
user199@example.com,password123
user200@example.com,password123
user201@example.com,password123
user202@example.com,password123
user203@example.com,password123
user204@example.com,password123
user205@example.com,password123
user206@example.com,password123
user207@example.com,password123
user208@example.com,password123
user209@example.com,password123
user210@example.com,password123
user211@example.com,password123
user212@example.com,password123
user213@example.com,password123
user214@example.com,password123
user215@example.com,password123
user216@example.com,password123
user217@example.com,password123
user218@example.com,password123
user219@example.com,password123
user220@example.com,password123
user221@example.com,password123
user222@example.com,password123
user223@example.com,password123
user224@example.com,password123
user225@example.com,password123
user226@example.com,password123
user227@example.com,password123
user228@example.com,password123
user229@example.com,password123
user230@example.com,password123
user231@example.com,password123
user232@example.com,password123
user233@example.com,password123
user234@example.com,password123
user235@example.com,password123
user236@example.com,password123
user237@example.com,password123
user238@example.com,password123
user239@example.com,password123
user240@example.com,password123
user241@example.com,password123
user242@example.com,password123
user243@example.com,password123
user244@example.com,password123
user245@example.com,password123
user246@example.com,password123
user247@example.com,password123
user248@example.com,password123
user249@example.com,password123
user250@example.com,password123
user251@example.com,password123
user252@example.com,password123
user253@example.com,password123
user254@example.com,password123
user255@example.com,password123
user256@example.com,password123
user257@example.com,password123
user258@example.com,password123
user259@example.com,password123
user260@example.com,password123
user261@example.com,password123
user262@example.com,password123
user263@example.com,password123
user264@example.com,password123
user265@example.com,password123
user266@example.com,password123
user267@example.com,password123
user268@example.com,password123
user269@example.com,password123
user270@example.com,password123
user271@example.com,password123
user272@example.com,password123
user273@example.com,password123
user274@example.com,password123
user275@example.com,password123
user276@example.com,password123
user277@example.com,password123
user278@example.com,password123
user279@example.com,password123
user280@example.com,password123
user281@example.com,password123
user282@example.com,password123
user283@example.com,password123
user284@example.com,password123
user285@example.com,password123
user286@example.com,password123
user287@example.com,password123
user288@example.com,password123
user289@example.com,password123
user290@example.com,password123
user291@example.com,password123
user292@example.com,password123
user293@example.com,password123
user294@example.com,password123
user295@example.com,password123
user296@example.com,password123
user297@example.com,password123
jane@example.com,jane456
john@example.com,john123
joe@example.com,123456
